"REGION","CLIENTE","SUCURSAL","MODELO","NUM_SERIE","L/F","STATUS"
"NOROESTE","Heineken","TIJUANA LA MESA","KUAN CANVAS","K212-8808220178","L","Activo"
"GOLFO / SURESTE","Heineken","TIZIMIN","BCS-160","GA22071290","F","Activo"
"GOLFO / SURESTE","Heineken","TIZIMIN","KUAN CANVAS","K212-8812210108","F","Activo"
"METRO","Heineken","TLAHUELILPAN","KUAN CANVAS","K212-8812210084","F","Activo"
"GUERRERO","Heineken","TLAPA","CY-I50","CY-I501Y20250606040","F","Activo"
"GUERRERO","Heineken","TLAPA","BEAM CANVAS","B1312-8810230800","F","Activo"
"METRO","Heineken","TOLUCA","KUAN CANVAS","K4-9661119","F","Activo"
"METRO","Heineken","TOLUCA","KUAN CANVAS","K4-9641119","F","Activo"
"METRO","Heineken","TULANCINGO","CY-I50","CY-I501Y20250804019","F","Activo"
"METRO","Heineken","TULANCINGO","BEAM CANVAS","B1312-8810230817","F","Activo"
"GOLFO / SURESTE","Heineken","VALLADOLID","KUAN CANVAS","K4-9801119","F","Activo"
"METRO","Heineken","VALLEJO","CY-I50","CY-I501Y20250606003","L","Activo"
"METRO","Heineken","VALLEJO","CY-I50","CY-I501Y20250606004","L","Activo"
"METRO","Heineken","VALLEJO","KUAN CANVAS","K2212-8808230398","L","Activo"
"METRO","Heineken","VALLEJO","KUAN CANVAS","K2212-8808230396","L","Activo"
"METRO","Heineken","VALLEJO","KUAN CANVAS","K2212-8808230397","L","Activo"
"NORESTE","Heineken","VICENTE GUERRERO","BEAM CANVAS","B1312-8808230736","F","Activo"
"NORESTE","Heineken","VICENTE GUERRERO","CY-I50","CY-I501Y20250804004","F","Activo"
"NORESTE","Heineken","VILLA DE SANTIAGO","KUAN CANVAS","K4-9591119","F","Activo"
"GOLFO / SURESTE","Heineken","VILLAHERMOSA","CY-I50","CY-I501Y2025080421","L","Activo"
"GOLFO / SURESTE","Heineken","VILLAHERMOSA","KUAN CANVAS","K212-8806220128","L","Activo"
"GOLFO / SURESTE","Heineken","VILLAHERMOSA","KUAN CANVAS","K212-8807220150","L","Activo"
"BAJIO","Heineken","ZACATECAS","BCS-160","GA22080315","F","Activo"
"BAJIO","Heineken","ZACATECAS","KUAN CANVAS","K212-8812210068","F","Activo"
"METRO","Heineken","ZACATLAN","CY-I50","CY-I501Y20250606022","F","Activo"
"METRO","Heineken","ZACATLAN","BEAM CANVAS","B1312-8810230818","F","Activo"
"GUERRERO","Heineken","ZIHUATANEJO","CY-I50","CY-I501Y20250606038","F","Activo"
"GUERRERO","Heineken","ZIHUATANEJO","BEAM CANVAS","B1312-8808230729","F","Activo"
"NOROESTE","Heineken","MEXICALI","KUAN CANVAS","K4-9601119","l","Activo"
"Metro","VALERO","AVION","Beam Canvas","B1312-8808230707","F","Activo"
"Metro","VALERO","LA LOMA","Beam Canvas","B1312-8810230824","F","Activo"
"Metro","VALERO","BENSAA","Beam Canvas","B1312-8808230703","F","Activo"
"Metro","VALERO","HENRIQUEZ","Beam Canvas","B1312-8808230702","F","Activo"
"Metro","HIDROCARBUROS","MINERAL","Beam Canvas","B1312-8808230701","F","Activo"
"Metro","VALERO","TLAHUELIPAN","Beam Canvas","B1312-8808230706","F","Activo"
"Metro","SERVICIO_CHICONAUTLA","ECATEPEC","Beam Canvas","B1312-8808230704","L","Activo"
"Metro","DISTRIBUIDORA_LA_PAZ","VILLA DEL CARBON","Kuan Canvas","K212-8812210050","F","Baja"
"Metro","CECAPIEM","PACHUCA","Beam Canvas","B1312-8810230807","F","Activo"
"METRO","G500","SERVICIOS MENA","KUAN CANVAS","K2212-8808230360","L","Activo"
"METRO","SERVICIOS_XOCOTLAN","TEXCOCO","BEAM SELLADOR","B1-000324","L","Activo"
"METRO","G500","EL MOLINO","BEAM CANVAS","B1312-8808230722","L","Activo"
"METRO","G500","JOPEL","BEAM CANVAS","B1312-8808230725","L","Activo"
"METRO","G500","PERIFERICO","KUAN CANVAS","K2212-8808230359","L","Activo"
"METRO","GRUPO_JESSY","CUAUTLA","BEAM SELLADOR","B1-000325","F","Activo"
"METRO","G500","MEXIQUENSES TOLUCA","BEAM SELLADOR","B1-000109","F","Activo"
"GOLFO / SURESTE","GRUPO_BANZAI","CARDEL","BEAM CANVAS","B1312-8808230695","F","Activo"
"METRO","NEPSOL","TLALPAN","KUAN CANVAS","K212-8808220174","L","Activo"
"METRO","SERVICIOS_ARAGON","NIZA","KUAN CANVAS","K2212-8808230367","L","Activo"
"METRO","GRUPO_GRAN_PREMIO","SUPER SERVICIOS DIAMANTE","KUAN CANVAS","K213-8809220186","L","Activo"
"METRO","G500","CHURUBUSCO","BEAM CANVAS","B1312-8808230720","L","Activo"
"METRO","G500","SANTA URSULA","KUAN CANVAS","K212-8806220131","L","Activo"
"METRO","YADIRA_GUADALUPE","LOS REYES ACOZAC","BEAM CANVAS","B1312-8810230827","L","Activo"
"METRO","SERVICENTRO_PANTITLAN","PANTITLAN","BEAM CANVAS","B1312-8808230727","L","Activo"
"METRO","SERVICIOS_TEMASCALAPA","TEMASCALAPA","BEAM CANVAS","B1312-8808230717","L","Activo"
"METRO","MAGOSA","LOS REYES ACAQUILPAN","BEAM CANVAS","B1312-8808230723","L","Activo"
"METRO","LEOPOLDO_RAMOS","CHALCO","BEAM CANVAS","B1312-8808230719","L","Activo"
"METRO","OCTAN","OCEANIA","BEAM CANVAS","B1312-8808230726","L","Activo"
"METRO","G500","SANTA CLARA ALFAREROS","BEAM CANVAS","B1312-8810230828","L","Activo"
"METRO","SUPER_SERVICIOS_VALLEJO","VALLEJO","BEAM CANVAS","B1312-8810230802","L","Activo"
"METRO","G500","EJE 6","BEAM CANVAS","B1312-8808230721","L","Activo"
"METRO","G500","TECAMAC SAN CIPRIANO","BEAM CANVAS","B1312-8808230708","L","Activo"
"METRO","G500","LA MONTANESA","BEAM CANVAS","B1312-8808230705","L","Activo"
"METRO","G500","LOS 3 COMPADRES","KUAN CANVAS","K212-8806220124","L","Activo"
"METRO","ESTRADA_ENTERPRICE","IXMIQUILPAN","BEAM CANVAS","B1312-8808230724","F","Activo"
"METRO","G500","HERGOM","BEAM CANVAS","B1312-8810230832","L","Activo"
"METRO","Pemex","Necora","BEAM CANVAS","B1312-8810230808","F","Activo"
"METRO","MAXI_AVE","MAXIAVE","KUAN CANVAS","K212-8808220172","L","Activo"
"METRO","SERVICIO VALLE IZTACIHUATL","TEPEYANCO","KUAN CANVAS","K2212-8808230365","L","Activo"
"METRO","SERVICIOS OLESMA","OLESMA","KUAN CANVAS","K2212-8808230366","L","Activo"
"METRO","G500","SERVICO ALM GAS","BEAM CANVAS","B1312-8810230811","L","Activo"
"METRO","G500","ARENTEIRO GAS","BEAM CANVAS","B1312-8810230821","L","Activo"
"METRO","G500","SERVICIO JAPI","KUAN CANVAS","K2212-8812230422","L","Activo"
"METRO","G500","TAMBRE","KUAN CANVAS","K2212-8108230370","L","Activo"
"METRO","G500","BONAR","KUAN CANVAS","K2212-8808230372","L","Activo"
"METRO","PEMEX","SERVICIO MAPEDI","BEAM CANVAS","B1312-8810230804","L","Activo"
"METRO","FORRAJERA","CHIPILO","KUAN CANVAS","K2212-8812230432","L","Activo/alta"
"GOLFO / SURESTE","CFE","CORDOBA","OBOLUS E","8002100077E","F","Mtto Detenido"
"GOLFO / SURESTE","CFE","COSCOMATEPEC","OBOLUS E","8002100064E","F","Mtto Detenido"
"GOLFO / SURESTE","CFE","HUATUSCO","OBOLUS E","8002100066E","F","Mtto Detenido"
"GOLFO / SURESTE","CFE","PASO DEL MACHO","OBOLUS E","8002100074E","F","Mtto Detenido"
"GOLFO / SURESTE","CFE","CORDOBA","OBOLUS E","8002100067E","F","Mtto Detenido"
"NORESTE","TIENDAS GRAND","CD. MANTE","BEAM CANVAS","B1312-8807230651","F","Activo"
"METRO","LALA","VALLE NORTE","BEAM CANVAS","B1-000106","L","Activo"
"GUERRERO","LALA","ACAPULCO","KUAN CANVAS","K212-8812210062","L","Activo"
"NOROESTE","LALA","HERMOSILLO","BEAM CANVAS","B1-000116","L","Activo"
"BAJIO","LALA","AGUASCALIENTES","KUAN CANVAS","K4-3510521","L","Activo"
"GOLFO / SURESTE","LALA","TAPACHULA","KUAN CANVAS","K4-3560621","F","Activo"
"OCCIDENTE","LALA","AMECA","KUAN CANVAS","K4-2960321","F","Activo"
"BAJIO","LALA","APATZINGAN","KUAN CANVAS","K4-3700621","F","Activo"
"METRO","LALA","ATIZAPÁN","KUAN CANVAS","K4-2870321","L","Activo"
"NORESTE","LALA","CASAS GRANDES","BEAM CANVAS","B1-000152","F","Activo"
"NORESTE","LALA","BERNARDO REYES","KUAN CANVAS","K4-3680621","L","Activo"
"NOROESTE","LALA","CABO SAN LUCAS","BEAM CANVAS","B1-000153","F","Activo"
"GOLFO / SURESTE","LALA","CARDENAS","BEAM CANVAS","B1-000155","F","Activo"
"GOLFO / SURESTE","LALA","TUXPAN","BEAM CANVAS","B1-000156","F","Activo"
"NOROESTE","LALA","ENSENADA","BEAM CANVAS","B1-000158","L","Activo"
"NOROESTE","LALA","MAGDALENA","BEAM CANVAS","B1-000160","F","Activo"
"NORESTE","LALA","TAMPICO","BEAM CANVAS","B1-000162","F","Activo"
"NORESTE","LALA","REYNOSA","BEAM CANVAS","B1-000163","L","Activo"
"NORESTE","LALA","CD. JUAREZ","KUAN CANVAS","K4-3500521","L","Activo"
"NORESTE","LALA","MATAMOROS","BEAM CANVAS","B1-000164","F","Activo"
"OCCIDENTE","LALA","ACAPONETA","BEAM CANVAS","B1-000167","F","Activo"
"NORESTE","LALA","CD. VALLES","KUAN CANVAS","K4-3550621","F","Activo"
"NORESTE","LALA","CD. VICTORIA","KUAN CANVAS","K4-3760621","F","Activo"
"BAJIO","LALA","CELAYA","KUAN CANVAS","K4-3240521","L","Activo"
"METRO","LALA","CHALCO","KUAN CANVAS","K4-2920321","L","Activo"
"GOLFO / SURESTE","LALA","VILLAHERMOSA","BEAM CANVAS","B1-000168","L","Activo"
"NOROESTE","LALA","LA PAZ","BEAM CANVAS","B1-000169","L","Activo"
"GUERRERO","LALA","CHILPANCINGO","KUAN CANVAS","K4-3390521","F","Activo"
"METRO","LALA","NAUCALPAN","BEAM CANVAS","B1-000321","L","Activo"
"GOLFO / SURESTE","LALA","COMITAN","KUAN CANVAS","K4-3800621","F","Activo"
"NOROESTE","LALA","MEXICALI","BEAM CANVAS","B1-000836","L","Activo"
"NORESTE","LALA","CHIHUAHUA","BEAM CANVAS","B1-000837","F","Activo"
"GUERRERO","LALA","CHILAPA","BEAM CANVAS","B1-000838","F","Activo"
"METRO","LALA","CUAUTLA","BEAM CANVAS","B1-000839","F","Activo"
"GUERRERO","LALA","IGUALA","BEAM CANVAS","B1-000840","F","Activo"
"GUERRERO","LALA","ALTAMIRANO","BEAM CANVAS","B1-000842","L","Activo"
"NORESTE","LALA","ESCOBEDO","KUAN CANVAS","K4-3420521","L","Activo"
"GOLFO / SURESTE","LALA","FORTIN","KUAN CANVAS","K4-3660621","F","Activo"
"METRO","LALA","TULA","BEAM CANVAS","B1-000843","F","Activo"
"OCCIDENTE","GRUPO MODELO","TALPA DE ALLENDE","KUAN CANVAS","K4-3920621","F","Activo"
"GUERRERO","LALA","ZIHUATANEJO","BEAM CANVAS","B1-000844","F","Activo"
"BAJIO","GRUPO MODELO","APATZINGAN","KUAN CANVAS","K4-3860621","F","Activo"
"GUERRERO","LALA","TAXCO","BEAM CANVAS","B1-000845","F","Activo"
"NOROESTE","LALA","GUAMUCHIL","BEAM CANVAS","B1-000886","F","Activo"
"GUERRERO","GRUPO MODELO","GUERRERO","KUAN CANVAS","K4-4050621","F","Activo"
"BAJIO","GRUPO MODELO","URUAPAN","KUAN CANVAS","K4-4060621","F","Activo"
"BAJIO","GRUPO MODELO","LA PIEDAD","KUAN CANVAS","K4-4040621","F","Activo"
"BAJIO","GRUPO MODELO","SAHUAYO","KUAN CANVAS","K4-3870621","F","Activo"
"GOLFO / SURESTE","LALA","HUAJUAPAN","KUAN CANVAS","K4-3710621","F","Activo"
"METRO","LALA","HUEJUTLA","KUAN CANVAS","K4-3670621","F","Activo"
"GUERRERO","LALA","OMETEPEC","BEAM CANVAS","B1-000888","F","Activo"
"OCCIDENTE","GRUPO MODELO","LA PEÑITA","KUAN CANVAS","K4-3970621","F","Activo"
"GOLFO / SURESTE","LALA","POCHUTLA","BEAM CANVAS","B1-000889","F","Activo"
"GOLFO / SURESTE","LALA","IXTEPEC","KUAN CANVAS","K4-3610621","F","Activo"
"GOLFO / SURESTE","LALA","JALAPA","KUAN CANVAS","K4-3350521","F","Activo"
"NOROESTE","LALA","LOS MOCHIS","BEAM CANVAS","B1-000890","L","Activo"
"BAJIO","LALA","LAZARO CARDENAS","BEAM CANVAS","B1-000891","F","Activo"
"OCCIDENTE","LALA","MANZANILLO","BEAM CANVAS","B1-000892","F","Activo"
"NOROESTE","LALA","GUASAVE","BEAM CANVAS","B1-000893","F","Activo"
"GOLFO / SURESTE","LALA","RIO BLANCO","BEAM CANVAS","B1-000894","F","Activo"
"BAJIO","GRUPO MODELO","LOS REYES","KUAN CANVAS","K4-4100621","F","Activo"
"BAJIO","LALA","LEÓN","KUAN CANVAS","K4-2820321","L","Activo"
"NOROESTE","LALA","LA CRUZ","BEAM CANVAS","B1-000895","F","Activo"
"GOLFO / SURESTE","LALA","SAN ANDRES","BEAM CANVAS","B1-000896","F","Activo"
"METRO","LALA","LOS REYES","KUAN CANVAS","K4-2850321","L","Activo"
"OCCIDENTE","GRUPO MODELO","TOMATLAN","KUAN CANVAS","K4-3930621","F","Activo"
"GUERRERO","LALA","CRUZ GRANDE","KUAN CANVAS","K212-8812210072","F","Activo"
"BAJIO","LALA","URIANGATO","BEAM CANVAS","B1-000898","F","Activo"
"NOROESTE","ARCA CONTINENTAL","CABO SAN LUCAS","KUAN CANVAS","K4-3720621","F","Activo"
"GOLFO / SURESTE","LALA","MARTIN DE LA TORRE","KUAN CANVAS","K4-3650621","F","Activo"
"NOROESTE","ARCA CONTINENTAL","CABO SAN LUCAS","KUAN CANVAS","K212-8806220126","F","Activo"
"OCCIDENTE","LALA","CD. GUZMAN","BEAM CANVAS","B1-000899","L","Activo"
"NORESTE","LALA","SABINAS","BEAM CANVAS","B1-000900","F","Activo"
"NOROESTE","LALA","MAZATLÁN","KUAN CANVAS","K4-3460521","L","Activo"
"GOLFO / SURESTE","LALA","MÉRIDA","KUAN CANVAS","K4-3490521","L","Activo"
"METRO","LALA","MIXCOAC","KUAN CANVAS","K4-2840321","L","Activo"
"NOROESTE","LALA","CD. OBREGON","BEAM CANVAS","B1-000902","L","Activo"
"BAJIO","LALA","MORELIA","KUAN CANVAS","K4-3230521","F","Activo"
"NORESTE","LALA","NUEVO LAREDO","BEAM CANVAS","B1-000903","F","Activo"
"NORESTE","LALA","LINARES","BEAM CANVAS","B1-000905","F","Activo"
"GOLFO / SURESTE","LALA","PINOTEPA","BEAM CANVAS","B1-000906","F","Activo"
"METRO","LALA","PACHUCA","KUAN CANVAS","K4-3440521","F","Activo"
"OCCIDENTE","LALA","AUTLAN","BEAM CANVAS","B1-000907","F","Activo"
"NORESTE","LALA","SALTILLO","KUAN CANVAS","K212-8806220129","F","Activo"
"NORESTE","LALA","MONCLOVA","BEAM CANVAS","B1-000909","F","Activo"
"BAJIO","LALA","LA PIEDAD","BEAM CANVAS","B1-000910","F","Activo"
"NORESTE","LALA","PIEDRAS NEGRAS","BEAM CANVAS","B1-000911","F","Activo"
"GOLFO / SURESTE","LALA","POZA RICA","KUAN CANVAS","K4-3690621","F","Activo"
"METRO","LALA","PUEBLA 2","KUAN CANVAS","K4-3250521","L","Activo"
"BAJIO","LALA","QUERETARO","KUAN CANVAS","K4-3640621","L","Activo"
"GOLFO / SURESTE","LALA","TUXTEPEC","BEAM CANVAS","B1-000913","F","Activo"
"GOLFO / SURESTE","LALA","COATZACOALCOS","BEAM CANVAS","B1-000914","F","Activo"
"NORESTE","LALA","ACUNA","BEAM CANVAS","B1-000915","F","Activo"
"BAJIO","LALA","RIO VERDE","KUAN CANVAS","K4-3630621","F","Activo"
"GOLFO / SURESTE","LALA","PLAYA DEL CARMEN","BEAM CANVAS","B1-000936","F","Activo"
"NORESTE","LALA","GOMEZ PALACIO","KUAN CANVAS","K4-3790621","F","Activo"
"NORESTE","LALA","SANTIAGO PAPASQUIARO","BEAM CANVAS","B1-000937","F","Activo"
"GOLFO / SURESTE","LALA","CHETUMAL","BEAM CANVAS","B1-000938","F","Activo"
"BAJIO","LALA","SAN JUAN DEL RIO","KUAN CANVAS","K4-3370521","F","Activo"
"BAJIO","LALA","SAN LUIS POTOSÍ","KUAN CANVAS","K4-3290521","F","Activo"
"BAJIO","LALA","SAN LUIS POTOSÍ 2","KUAN CANVAS","K4-3340521","F","Activo"
"NORESTE","LALA","SANTA CATARINA","KUAN CANVAS","K4-3580621","L","Activo"
"METRO","LALA","SANTA CLARA","KUAN CANVAS","K4-2880321","L","Activo"
"NORESTE","LALA","CUAHUTEMOC","BEAM CANVAS","B1-000939","F","Activo"
"BAJIO","LALA","FRESNILLO","BEAM CANVAS","B1-000940","F","Activo"
"BAJIO","LALA","JEREZ ZACATECAS","BEAM CANVAS","B1-000941","F","Activo"
"NORESTE","LALA","CD. MANTE","BEAM CANVAS","B1-000942","F","Activo"
"NORESTE","LALA","GUADALUPE VICTORIA","BEAM CANVAS","B1-000943","F","Activo"
"GOLFO / SURESTE","LALA","CAMPECHE","BEAM CANVAS","B1-000944","F","Activo"
"METRO","LALA","TECÁMAC","KUAN CANVAS","K4-2910321","L","Activo"
"METRO","LALA","TEHUACÁN","KUAN CANVAS","K4-3300521","F","Activo"
"OCCIDENTE","LALA","TEPIC","KUAN CANVAS","K4-3280521","L","Activo"
"METRO","LALA","TEXCOCO","KUAN CANVAS","K4-2930321","F","Activo"
"NOROESTE","LALA","TIJUANA","KUAN CANVAS","K4-3480521","L","Activo"
"NOROESTE","LALA","TIJUANA 2","KUAN CANVAS","k4-3270521","L","Activo"
"OCCIDENTE","LALA","TLAJOMULCO","KUAN CANVAS","K4-2860321","L","Activo"
"GOLFO / SURESTE","LALA","CANCUN","BEAM CANVAS","B1-000945","L","Activo"
"METRO","LALA","TLAXCALA","KUAN CANVAS","K4-3320521","F","Activo"
"METRO","LALA","TOLUCA","KUAN CANVAS","K4-3310521","F","Activo"
"BAJIO","GRUPO MODELO","URUAPAN","KUAN CANVAS","K4-4090621","F","Activo"
"GOLFO / SURESTE","LALA","EMILIANO ZAPATA","BEAM CANVAS","B1-000946","F","Activo"
"OCCIDENTE","GRUPO MODELO","IXTLA DEL RIO","KUAN CANVAS","K4-4110621","F","Activo"
"NOROESTE","ARCA CONTINENTAL","GUAMUCHIL","KUAN CANVAS","K4-3830621","F","Activo"
"METRO","LALA","TULTITLÁN","KUAN CANVAS","K4-2940321","L","Activo"
"BAJIO","LALA","SANTA MARIA DEL RIO","BEAM CANVAS","B1-000947","F","Activo"
"GOLFO / SURESTE","LALA","CD. DEL CARMEN","BEAM CANVAS","B1-000948","F","Activo"
"GOLFO / SURESTE","LALA","TUXTLA GUTIÉRREZ","KUAN CANVAS","K4-3430521","L","Activo"
"BAJIO","LALA","MATEHUALA","BEAM CANVAS","B1-000949","F","Activo"
"BAJIO","LALA","URUAPAN","KUAN CANVAS","k4-3360521","F","Activo"
"GOLFO / SURESTE","LALA","VALLADOLID","BEAM CANVAS","B1-000950","F","Activo"
"NORESTE","LALA","DELICIAS","BEAM CANVAS","B1-000951","F","Activo"
"METRO","LALA","VALLE NORTE","KUAN CANVAS","K4-2900321","L","Activo"
"METRO","LALA","VALLE SUR","KUAN CANVAS","K4-2950321","L","Activo"
"NORESTE","LALA","VICENTE GUERRERO","BEAM CANVAS","B1-000952","F","Activo"
"NORESTE","LALA","RIO GRANDE","BEAM CANVAS","B1-000953","F","Activo"
"GUERRERO","Heineken","ACAPULCO","BCS-160","GA22071308","L","Activo"
"GUERRERO","Heineken","ACAPULCO","KUAN CANVAS","K212-8812210086","L","Activo"
"GOLFO / SURESTE","Heineken","ACAYUCAN","BEAM CANVAS","B1312-8808230732","F","Activo"
"GOLFO / SURESTE","Heineken","ACAYUCAN","CY-I50","CY-I501Y20250804011","F","Activo"
"NOROESTE","Heineken","AGUA PRIETA","BCS-160","GA21120306","F","Activo"
"NOROESTE","Heineken","AGUA PRIETA","KUAN CANVAS","K212-8812210033","F","Activo"
"BAJIO","Heineken","AGUASCALIENTES","BCS-160","GA21120290","L","Activo"
"BAJIO","Heineken","AGUASCALIENTES","KUAN CANVAS","K212-8812210023","L","Activo"
"GOLFO / SURESTE","Heineken","ALVARADO","BEAM CANVAS","B1312-8810230813","F","Activo"
"OCCIDENTE","Heineken","AMECA","BEAM CANVAS","B1312-8808230741","F","Activo"
"OCCIDENTE","Heineken","AMECA","CY-I50","CYI501Y20250804010","F","Activo"
"NORESTE","Heineken","APODACA","BCS-160","GA21120272","L","Mtto Detenido"
"NORESTE","Heineken","APODACA","BCS-160","GA21120273","L","Mtto Detenido"
"NORESTE","Heineken","APODACA","BCS-160","GA21120274","L","Activo"
"NORESTE","Heineken","APODACA","BCS-160","GA21120275","L","Mtto Detenido"
"NORESTE","Heineken","APODACA","BCS-160","GA21120276","L","Mtto Detenido"
"NORESTE","Heineken","APODACA","BCS-160","GA21120277","L","Activo"
"NORESTE","Heineken","APODACA","COMPAC-S","A-000017","L","Activo"
"NORESTE","Heineken","APODACA","KUAN CANVAS","K212-8812210001","L","Activo"
"NORESTE","Heineken","APODACA","KUAN CANVAS","K212-8812210003","L","Activo"
"NORESTE","Heineken","APODACA","KUAN CANVAS","K212-8812210008","L","Activo"
"NORESTE","Heineken","APODACA","KUAN CANVAS","K212-8812210013","L","Activo"
"NORESTE","Heineken","APODACA","KUAN CANVAS","K212-8812210014","L","Activo"
"NORESTE","Heineken","APODACA","KUAN CANVAS","K212-8812210018","L","Activo"
"METRO","Heineken","ATLACOMULCO","BCS-160","GA21120299","F","Mtto Detenido"
"METRO","Heineken","ATLACOMULCO","KUAN CANVAS","K212-8812210034","F","Activo"
"OCCIDENTE","Heineken","ATOTONILCO","BEAM CANVAS","B1312-8808230739","F","Activo"
"OCCIDENTE","Heineken","ATOTONILCO","CY-I50","CY-I501Y20250804008","F","Activo"
"GOLFO / SURESTE","Heineken","AVILA CAMACHO","BEAM CANVAS","B1312-8808230733","F","Activo"
"GOLFO / SURESTE","Heineken","AVILA CAMACHO","CY-I50","CY-I501Y20250804007","f","Activo"
"NOROESTE","Heineken","CABORCA","BCS-160","GA22071300","F","Activo"
"NOROESTE","Heineken","CABORCA","KUAN CANVAS","K212-8812210058","F","Activo"
"NORESTE","Heineken","CADEREYTA","BCS-160","GA22070670","F","Activo"
"NORESTE","Heineken","CADEREYTA","KUAN CANVAS","K212-8812210067","F","Activo"
"NORESTE","Heineken","CADEREYTA","KUAN CANVAS","K2212-8808230391","F","Activo"
"NORESTE","Heineken","CADEREYTA","CY-I50","CY-I501Y20250606009","F","Activo"
"NORESTE","Heineken","CAMARGO","BCS-160","GA22041034","F","Activo"
"NORESTE","Heineken","CAMARGO","KUAN CANVAS","K212-8812210083","F","Activo"
"GOLFO / SURESTE","Heineken","CAMPECHE","KUAN SELLADOR","K4-9001019","F","Activo"
"GOLFO / SURESTE","Heineken","CANCUN","KUAN CANVAS","K2212-8808230402","L","Activo"
"GOLFO / SURESTE","Heineken","CANCUN","KUAN CANVAS","K2212-8808230401","L","Activo"
"GOLFO / SURESTE","Heineken","CANCUN","KUAN SELLADOR","K4-6680918","L","Activo"
"GOLFO / SURESTE","Heineken","CANCUN","CY-I50","CY-I501Y20250606026","L","Activo"
"NORESTE","Heineken","CARBONIFERA","BCS-160","GA21120305","F","Activo"
"NORESTE","Heineken","CARBONIFERA","KUAN CANVAS","K212-8812210037","F","Activo"
"NORESTE","Heineken","CD. ACUNA","KUAN SELLADOR","K4-8971019","F","Activo"
"GOLFO / SURESTE","Heineken","CD. DEL CARMEN","BCS-160","GA21120297","F","Activo"
"GOLFO / SURESTE","Heineken","CD. DEL CARMEN","KUAN CANVAS","K212-8812210024","F","Activo"
"NORESTE","Heineken","CD. JUAREZ","BCS-160","GA21120269","L","Mtto Detenido"
"NORESTE","Heineken","CD. JUAREZ","BCS-160","GA21120270","L","Activo"
"NORESTE","Heineken","CD. JUAREZ","BCS-160","GA21120271","L","Activo"
"NORESTE","Heineken","CD. JUAREZ","BCS-160","GA21120292","L","Activo"
"NORESTE","Heineken","CD. JUAREZ","COMPAC-S","A-000015","L","Activo"
"NORESTE","Heineken","CD. JUAREZ","KUAN CANVAS","K212-8812210010","L","Activo"
"NORESTE","Heineken","CD. JUAREZ","KUAN CANVAS","K212-8812210005","L","Activo"
"NORESTE","Heineken","CD. JUAREZ","KUAN CANVAS","K212-8812210004","L","Activo"
"NORESTE","Heineken","CD. MANTE","BCS-160","GA21120302","F","Activo"
"NORESTE","Heineken","CD. MANTE","KUAN CANVAS","K212-8812210039","F","Activo"
"NOROESTE","Heineken","CD. OBREGON","KUAN CANVAS","K4-9681119","L","Activo"
"NOROESTE","Heineken","CD. OBREGON","KUAN CANVAS","K4-9701119","L","Activo"
"NORESTE","Heineken","CD. VALLES","BCS-160","GA21120301","F","Activo"
"NORESTE","Heineken","CD. VALLES","KUAN CANVAS","K212-8812210032","F","Activo"
"NORESTE","Heineken","CD. VICTORIA","BCS-160","16018030125","F","Mtto Detenido"
"NORESTE","Heineken","CD. VICTORIA","KUAN CANVAS","K212-8812210089","F","Activo"
"NORESTE","Heineken","CD. VICTORIA","KUAN CANVAS","K212-8807220149","F","Activo"
"NORESTE","Heineken","CD. VICTORIA","BCS-160","GA22070667","F","Activo"
"NORESTE","Heineken","CD. VICTORIA","CY-I50","CY-I501Y20250606011","F","Activo"
"BAJIO","Heineken","CELAYA","BCS-160","GA22041035","L","Activo"
"BAJIO","Heineken","CELAYA","KUAN CANVAS","K212-8812210069","L","Activo"
"NORESTE","Heineken","CHIHUAHUA","BCS-160","GA22080346","F","Activo"
"NORESTE","Heineken","CHIHUAHUA","KUAN CANVAS","K212-8812210111","F","Activo"
"NORESTE","Heineken","CHIHUAHUA","KUAN CANVAS","K2212-8808230394","F","Activo"
"NORESTE","Heineken","CHIHUAHUA","KUAN CANVAS","K2212-8808230395","F","Activo"
"NORESTE","Heineken","CHIHUAHUA","CY-I50","CY-I501Y20250606007","F","Activo"
"GUERRERO","Heineken","CHILPANCINGO","BEAM CANVAS","B1312-8810230801","F","Activo"
"GUERRERO","Heineken","CHILPANCINGO","CY-I50","CY-I501Y20250606043","F","Activo"
"METRO","Heineken","CHIMALHUACAN","CY-I50","CY-I501Y20250606005","F","Activo"
"METRO","Heineken","CHIMALHUACAN","KUAN CANVAS","K212-8808220180","L","Activo"
"METRO","Heineken","CHIMALHUACAN","KUAN CANVAS","K212-8808220182","L","Activo"
"GOLFO / SURESTE","Heineken","CHONTALPA CARDENAS","KUAN SELLADOR","K4-8901019","F","Activo"
"GOLFO / SURESTE","Heineken","COATZACOALCOS","KUAN CANVAS","K4-9671119","F","Activo"
"NOROESTE","Heineken","CONSTITUCION","BCS-160","GA22080334","F","Activo"
"NOROESTE","Heineken","CONSTITUCION","KUAN CANVAS","K212-8812210093","F","Activo"
"GOLFO / SURESTE","Heineken","COSAMALOAPAN","KUAN CANVAS","K4-9831119","F","Activo"
"NORESTE","Heineken","CUAUHTEMOC","BCS-160","GA22080167","F","Activo"
"NORESTE","Heineken","CUAUHTEMOC","KUAN CANVAS","K212-8812210066","F","Activo"
"METRO","Heineken","CUAUTLA","BEAM CANVAS","B1312-8810230799","F","Activo"
"METRO","Heineken","CUAUTLA","CY-I50","CY-I501Y20250606037","F","Activo"
"NORESTE","Heineken","CUENCAME","BEAM CANVAS","B1312-8808230737","F","Activo"
"NORESTE","Heineken","CUENCAME","CY-I50","CY-I501Y20250809009","F","Activo"
"METRO","Heineken","CUERNAVACA","BCS-160","GA21120291","F","Mtto Detenido"
"METRO","Heineken","CUERNAVACA","KUAN CANVAS","K212-8812210025","F","Activo"
"NOROESTE","Heineken","CULIACAN","BCS-160","GA21120286","L","Activo"
"NOROESTE","Heineken","CULIACAN","KUAN CANVAS","K212-8806220127","L","Activo"
"NOROESTE","Heineken","CULIACAN","KUAN CANVAS","K4-1480420","L","Activo"
"NOROESTE","Heineken","CULIACAN","KUAN CANVAS","K212-8812210006","L","Activo"
"NOROESTE","Heineken","CULIACAN","CY-I50","CY-I501Y20250606018","L","Activo"
"NORESTE","Heineken","DELICIAS","BCS-160","GA22030296","F","Activo"
"NORESTE","Heineken","DELICIAS","KUAN CANVAS","K212-8812210070","F","Activo"
"NORESTE","Heineken","DURANGO","BCS-160","GJ23110065","F","Activo"
"NORESTE","Heineken","DURANGO","KUAN CANVAS","K212-8808220171","F","Activo"
"NORESTE","Heineken","DURANGO","CY-I50","CY-I501Y2025080422","F","Activo"
"GOLFO / SURESTE","Heineken","DZITBALCHE","BCS-160","GA22080323","F","Activo"
"GOLFO / SURESTE","Heineken","DZITBALCHE","KUAN CANVAS","K212-8812210096","F","Activo"
"NOROESTE","Heineken","EL FUERTE","BCS-160","GA21120309","F","Activo"
"NOROESTE","Heineken","EL FUERTE","KUAN CANVAS","K212-8812210045","F","Activo"
"GOLFO / SURESTE","Heineken","EMILIANO ZAPATA","BCS-160","GA21120296","F","Activo"
"GOLFO / SURESTE","Heineken","EMILIANO ZAPATA","BCS-160","GA22080311","F","Mtto Detenido"
"GOLFO / SURESTE","Heineken","EMILIANO ZAPATA","KUAN CANVAS","K212-8812210082","F","Activo"
"GOLFO / SURESTE","Heineken","EMILIANO ZAPATA","KUAN CANVAS","K212-8812210027","F","Activo"
"GOLFO / SURESTE","Heineken","EMILIANO ZAPATA","BCS-160","GJ25040073","F","Activo"
"NOROESTE","Heineken","ENSENADA","BCS-160","GA22071283","L","Activo"
"NOROESTE","Heineken","ENSENADA","KUAN CANVAS","K212-8812210094","L","Activo"
"NOROESTE","Heineken","ENSENADA","KUAN CANVAS","K212-8812210030","L","Activo"
"NOROESTE","Heineken","ENSENADA","CY-I50","CY-I501Y20250606021","L","Activo"
"METRO","Heineken","ERMITA IZTAPALAPA","CY-I50","CY-I501Y20250606001","L","Activo"
"METRO","Heineken","ERMITA IZTAPALAPA","CY-I50","CY-I501Y20250606002","L","Activo"
"METRO","Heineken","ERMITA IZTAPALAPA","KUAN CANVAS","K212-8807220154","L","Activo"
"METRO","Heineken","ERMITA IZTAPALAPA","KUAN CANVAS","K212-8807220153","L","Activo"
"METRO","Heineken","ERMITA IZTAPALAPA","KUAN CANVAS","K212-8807220155","L","Activo"
"GOLFO / SURESTE","Heineken","ESCARCEGA","BCS-160","GA22080245","F","Activo"
"GOLFO / SURESTE","Heineken","ESCARCEGA","KUAN CANVAS","K212-8812210106","F","Activo"
"NOROESTE","Heineken","ESCUINAPA","BCS-160","GA22080220","F","Activo"
"NOROESTE","Heineken","ESCUINAPA","KUAN CANVAS","K212-8812210080","F","Activo"
"GOLFO / SURESTE","Heineken","FELIPE CARRILLO PUERTO","BCS-160","GA21090227","F","Activo"
"GOLFO / SURESTE","Heineken","FELIPE CARRILLO PUERTO","KUAN CANVAS","K212-8812210103","F","Activo"
"OCCIDENTE","Heineken","GUADALAJARA","BCS-160","GA21120289","L","Activo"
"OCCIDENTE","Heineken","GUADALAJARA","KUAN CANVAS","K2212-8808230369","L","Activo"
"OCCIDENTE","Heineken","GUADALAJARA","KUAN CANVAS","K2212-8808230368","L","Activo"
"OCCIDENTE","Heineken","GUADALAJARA","CY-I50","CY-I501Y20250804012","L","Activo"
"OCCIDENTE","Heineken","GUADALAJARA","KUAN CANVAS","K4-8110319","L","Activo"
"NORESTE","Heineken","GUADALUPE","CY-I50","CY-I501Y20250606010","L","Activo"
"NORESTE","Heineken","GUADALUPE","BCS-160","160E16110022","L","Activo"
"NORESTE","Heineken","GUADALUPE","KUAN CANVAS","K212-8806220115","L","Activo"
"NORESTE","Heineken","GUADALUPE","KUAN CANVAS","K212-8807220161","L","Activo"
"NORESTE","Heineken","GUADALUPE VICTORIA","BEAM CANVAS","B1312-8808230734","F","Activo"
"NORESTE","Heineken","GUADALUPE VICTORIA","CY-I50","CY-I501Y20250804003","F","Activo"
"NOROESTE","Heineken","GUASAVE","BCS-160","GA22071292","F","Activo"
"NOROESTE","Heineken","GUASAVE","KUAN CANVAS","K4-9691119","F","Activo"
"NOROESTE","Heineken","GUASAVE","KUAN CANVAS","K212-8812210087","F","Activo"
"NOROESTE","Heineken","GUAYMAS","BCS-160","GA22080319","F","Activo"
"NOROESTE","Heineken","GUAYMAS","KUAN CANVAS","K212-8812210081","F","Activo"
"NOROESTE","Heineken","HERMOSILLO","KUAN CANVAS","K2212-8808230392","L","Activo"
"NOROESTE","Heineken","HERMOSILLO","KUAN CANVAS","K2212-8808230388","L","Activo"
"NOROESTE","Heineken","HERMOSILLO","CY-I50","CY-I501Y20250606019","L","Activo"
"NOROESTE","Heineken","HERMOSILLO","KUAN SELLADOR","K4-8130319","L","Activo"
"METRO","Heineken","HUAHUCHINANGO","BCS-160","GA22120309","F","Activo"
"METRO","Heineken","HUAHUCHINANGO","BCS-160","GA22080309","F","Activo"
"METRO","Heineken","HUAHUCHINANGO","KUAN CANVAS","K212-8812210088","F","Activo"
"GUERRERO","Heineken","IGUALA","KUAN CANVAS","K212-8812210100","F","Activo"
"BAJIO","Heineken","IRAPUATO","BCS-160","GA22080300","F","Mtto Detenido"
"BAJIO","Heineken","IRAPUATO","KUAN CANVAS","K212-8812210109","F","Activo"
"GOLFO / SURESTE","Heineken","ISLA MUJERES","BCS-160","GA22071291","F","Activo"
"GOLFO / SURESTE","Heineken","ISLA MUJERES","KUAN CANVAS","K212-8812210095","F","Activo"
"METRO","Heineken","IXMIQUILPAN","BEAM CANVAS","B1312-8810230816","F","Activo"
"METRO","Heineken","IXMIQUILPAN","CY-I50","CY-I501Y20250804018","F","Activo"
"GOLFO / SURESTE","Heineken","IZAMAL","BCS-160","GA22071305","F","Activo"
"GOLFO / SURESTE","Heineken","IZAMAL","KUAN CANVAS","K212-8812210098","F","Activo"
"NOROESTE","Heineken","LA PAZ","BCS-160","GA22080197","L","Activo"
"NOROESTE","Heineken","LA PAZ","KUAN CANVAS","K212-8812210061","L","Activo"
"METRO","Heineken","LARA GRAJALES","BCS-160","GA21120293","L","Activo"
"METRO","Heineken","LARA GRAJALES","KUAN CANVAS","K212-8812210026","L","Activo"
"BAJIO","Heineken","LEON","BCS-160","GA21120284","L","Activo"
"BAJIO","Heineken","LEON","KUAN CANVAS","K212-8812210002","L","Activo"
"BAJIO","Heineken","LEON","CY-I50","CY-I501Y20250606031","L","Activo"
"NOROESTE","Heineken","LOS CABOS","BCS-160","GA21120304","F","Activo"
"NOROESTE","Heineken","LOS CABOS","KUAN CANVAS","K212-8812210036","F","Activo"
"NOROESTE","Heineken","LOS MOCHIS","CY-I50","CY-I501Y20250606016","L","Activo"
"NOROESTE","Heineken","LOS MOCHIS","KUAN CANVAS","K2212-8808230386","L","Activo"
"NOROESTE","Heineken","LOS MOCHIS","KUAN CANVAS","K2212-8808230387","L","Activo"
"NOROESTE","Heineken","LOS MOCHIS","KUAN SELLADOR","K4-8991019","L","Activo"
"NOROESTE","Heineken","MAGDALENA","KUAN CANVAS","K4-9731119","F","Activo"
"GUERRERO","Heineken","MARQUELIA","BEAM CANVAS","B1312-8808230731","F","Activo"
"GUERRERO","Heineken","MARQUELIA","CY-I50","CY-I501Y20250606039","F","Activo"
"NORESTE","Heineken","MATAMOROS","BCS-160","GJ23110179","F","Activo"
"NORESTE","Heineken","MATAMOROS","KUAN CANVAS","K4-9611119","F","Activo"
"BAJIO","Heineken","MATEHUALA","BCS-160","GA22080247","F","Activo"
"BAJIO","Heineken","MATEHUALA","KUAN CANVAS","K212-8812210110","F","Activo"
"GOLFO / SURESTE","Heineken","MATIAS ROMERO","BEAM CANVAS","B1312-8810230815","F","Activo"
"GOLFO / SURESTE","Heineken","MATIAS ROMERO","CY-I50","CY-I501Y20250804017","F","Activo"
"NOROESTE","Heineken","MAZATLAN","KUAN CANVAS","K4-9761119","L","Activo"
"GOLFO / SURESTE","Heineken","MEDELLIN (OLUTA)","KUAN CANVAS","K2212-8808230399","L","Activo"
"GOLFO / SURESTE","Heineken","MEDELLIN (OLUTA)","KUAN CANVAS","K2212-8808230400","L","Activo"
"GOLFO / SURESTE","Heineken","MEDELLIN (OLUTA)","CY-I50","CY-I501Y20250606027","L","Activo"
"GOLFO / SURESTE","Heineken","MERIDA","BCS-160","G119120654","L","Activo"
"GOLFO / SURESTE","Heineken","MERIDA","BCS-160","G119120670","L","Activo"
"GOLFO / SURESTE","Heineken","MERIDA","KUAN CANVAS","K212-8807220158","L","Activo"
"GOLFO / SURESTE","Heineken","MERIDA","KUAN CANVAS","K212-8807220159","L","Activo"
"GOLFO / SURESTE","Heineken","MERIDA","KUAN CANVAS","K212-8807220157","L","Activo"
"GOLFO / SURESTE","Heineken","MERIDA","KUAN CANVAS","K212-8807220156","L","Activo"
"GOLFO / SURESTE","Heineken","MERIDA","CY-I50","CY-I501Y20250606034","L","Activo"
"GOLFO / SURESTE","Heineken","MERIDA","CY-I50","CY-I501Y20250606035","L","Activo"
"GOLFO / SURESTE","Heineken","MERIDA","CY-I50","CY-I501Y20250606036","L","Activo"
"GOLFO / SURESTE","Heineken","MERIDA","KUAN CANVAS","K212-8808220176","L","Activo"
"GOLFO / SURESTE","Heineken","MERIDA","KUAN CANVAS","K212-8808220183","L","Activo"
"NOROESTE","Heineken","MEXICALI","CY-I50","CY-I501Y20250606023","L","Activo"
"NOROESTE","Heineken","MEXICALI","BCS-160","160E16110021","L","Activo"
"NOROESTE","Heineken","MEXICALI","KUAN CANVAS","K212-8808220173","L","Activo"
"NOROESTE","Heineken","MEXICALI","KUAN SELLADOR","K4-1160416","L","Activo"
"NORESTE","Heineken","MIGUEL ALEMAN","BCS-160","GJ24040080","F","Activo"
"NOROESTE","Heineken","MOCTEZUMA","KUAN CANVAS","K4-9631119","F","Activo"
"NORESTE","Heineken","MONCLOVA","CY-I50","CY-I501Y20250606008","F","Activo"
"NORESTE","Heineken","MONCLOVA","BCS-160","GA22070672","F","Activo"
"NORESTE","Heineken","MONCLOVA","KUAN CANVAS","K212-8812210102","F","Activo"
"NORESTE","Heineken","MONCLOVA","KUAN CANVAS","K2212-8808230393","F","Activo"
"NORESTE","Heineken","MONTERREY CENTRO","BCS-160","GA21120282","L","Mtto Detenido"
"NORESTE","Heineken","MONTERREY CENTRO","BCS-160","GA21120283","L","Activo"
"NORESTE","Heineken","MONTERREY CENTRO","KUAN CANVAS","K212-8812210020","L","Activo"
"NORESTE","Heineken","MONTERREY CENTRO","KUAN CANVAS","K212-8812210011","L","Activo"
"NORESTE","Heineken","MONTERREY NORTE","BCS-160","GA21120278","L","Mtto Detenido"
"NORESTE","Heineken","MONTERREY NORTE","BCS-160","GA21120279","L","Mtto Detenido"
"NORESTE","Heineken","MONTERREY NORTE","BCS-160","GA21120280","L","Activo"
"NORESTE","Heineken","MONTERREY NORTE","BCS-160","GA21120281","L","Activo"
"NORESTE","Heineken","MONTERREY NORTE","KUAN CANVAS","K212-8812210009","L","Activo"
"NORESTE","Heineken","MONTERREY NORTE","KUAN CANVAS","K212-8812210017","L","Activo"
"NORESTE","Heineken","MONTERREY NORTE","KUAN CANVAS","K212-8812210007","L","Activo"
"NORESTE","Heineken","MONTERREY NORTE","KUAN CANVAS","K212-8812200012","L","Activo"
"BAJIO","Heineken","MORELIA","CY-I50","CY-I501Y20250606032","F","Activo"
"BAJIO","Heineken","MORELIA","BCS-160","GA21120288","F","Activo"
"BAJIO","Heineken","MORELIA","KUAN CANVAS","K212-8812210015","F","Activo"
"GOLFO / SURESTE","Heineken","MOTUL","BCS-160","GA22080317","F","Activo"
"GOLFO / SURESTE","Heineken","MOTUL","KUAN CANVAS","K212-8812210090","F","Activo"
"GOLFO / SURESTE","Heineken","NARANJOS","BEAM CANVAS","B1312-8810230822","F","Activo"
"GOLFO / SURESTE","Heineken","NARANJOS","CY-I50","CY-I501Y20250804020","F","Activo"
"NOROESTE","Heineken","NAVOJOA","KUAN CANVAS","K2212-8808230389","F","Activo"
"NOROESTE","Heineken","NAVOJOA","KUAN SELLADOR","K4-8921019","F","Activo"
"NOROESTE","Heineken","NAVOJOA","CY-I50","CY-I501Y20250606017","F","Activo"
"NOROESTE","Heineken","NOGALES","KUAN CANVAS","K4-9751119","L","Activo"
"NOROESTE","Heineken","NOGALES","CY-I50","CY-I501Y20250606020","L","Activo"
"NORESTE","Heineken","NUEVO CASAS GRANDES","KUAN CANVAS","K212-8812210021","F","Activo"
"NORESTE","Heineken","NUEVO LAREDO","CY-I50","CY-I501Y20250606014","F","Activo"
"NORESTE","Heineken","NUEVO LAREDO","BCS-160","GJ23110250","F","Activo"
"NORESTE","Heineken","NUEVO LAREDO","KUAN CANVAS","K212-8807220163","F","Activo"
"GOLFO / SURESTE","Heineken","OAXACA","KUAN SELLADOR","K4-9041019","F","Activo"
"OCCIDENTE","Heineken","OCOTLAN","KUAN CANVAS","K212-8812210029","F","Activo"
"METRO","Heineken","PACHUCA","KUAN CANVAS","K212-8812210031","F","Activo"
"METRO","Heineken","PACHUCA","CY-I50","CY-I501Y20250804013","F","Activo"
"NOROESTE","Heineken","PACIFICO SUR","BCS-160","GA21120287","L","Activo"
"NOROESTE","Heineken","PACIFICO SUR","KUAN CANVAS","K212-8812210065","L","Activo"
"NOROESTE","Heineken","PACIFICO SUR","KUAN CANVAS","K212-8812210019","L","Activo"
"NORESTE","Heineken","PARRAL","BCS-160","GA22041041","F","Activo"
"NORESTE","Heineken","PARRAL","KUAN CANVAS","K212-8812210097","F","Activo"
"NORESTE","Heineken","PARRAS","BEAM CANVAS","B1312-8808230730","F","Activo"
"NORESTE","Heineken","PARRAS","CY-I50","CY-I501Y20250804002","F","Activo"
"GOLFO / SURESTE","Heineken","PLAYA DEL CARMEN","CY-I50","CY-I501Y20250606028","F","Activo"
"GOLFO / SURESTE","Heineken","PLAYA DEL CARMEN","KUAN CANVAS","K2212-8808230403","F","Activo"
"GOLFO / SURESTE","Heineken","PLAYA DEL CARMEN","KUAN CANVAS","K2212-8808230404","F","Activo"
"GOLFO / SURESTE","Heineken","POZA RICA","KUAN CANVAS","K4-9791119","F","Activo"
"METRO","Heineken","PUEBLA","BCS-160","GA22071223","L","Activo"
"METRO","Heineken","PUEBLA","KUAN CANVAS","K212-8812210105","L","Activo"
"METRO","Heineken","PUEBLA","KUAN CANVAS","K4-1460420","L","Activo"
"METRO","Heineken","PUEBLA","KUAN CANVAS","K4-1450420","L","Activo"
"NOROESTE","Heineken","PUERTO PENASCO","BCS-160","GA22071307","F","Activo"
"NOROESTE","Heineken","PUERTO PENASCO","KUAN CANVAS","K212-8812210099","F","Activo"
"OCCIDENTE","Heineken","PUERTO VALLARTA","BCS-160","GA22080157","L","Mtto Detenido"
"OCCIDENTE","Heineken","PUERTO VALLARTA","KUAN CANVAS","K212-8812210092","L","Activo"
"BAJIO","Heineken","QUERETARO","CY-I50","CY-I501Y20250606029","L","Activo"
"BAJIO","Heineken","QUERETARO","BCS-160","GA21120298","L","Activo"
"BAJIO","Heineken","QUERETARO","KUAN CANVAS","K212-8812210040","L","Activo"
"NORESTE","Heineken","REYNOSA","CY-I50","CY-I501Y20250606013","L","Activo"
"NORESTE","Heineken","REYNOSA","BCS-160","GA22070668","L","Activo"
"NORESTE","Heineken","REYNOSA","BCS-160","GA22070669","L","Activo"
"NORESTE","Heineken","REYNOSA","KUAN CANVAS","K212-8812210104","L","Activo"
"NORESTE","Heineken","REYNOSA","KUAN CANVAS","K212-8807220162","L","Activo"
"NORESTE","Heineken","RODEO","BEAM CANVAS","B1312-8808230738","F","Activo"
"NORESTE","Heineken","RODEO","CY-I50","CY-I501Y202508084006","F","Activo"
"NORESTE","Heineken","SALTILLO","CY-I50","CY-I501Y20250606012","F","Activo"
"NORESTE","Heineken","SALTILLO","BCS-160","GA22070671","F","Activo"
"NORESTE","Heineken","SALTILLO","KUAN CANVAS","K212-8812210101","F","Activo"
"NORESTE","Heineken","SALTILLO","KUAN CANVAS","K212-8807220151","F","Activo"
"METRO","Heineken","SAN BARTOLO TUTOLTEPEC","BEAM CANVAS","B1312-8810230826","F","Activo"
"NOROESTE","Heineken","SAN FELIPE","BEAM CANVAS","MOSI","F","Activo"
"NOROESTE","Heineken","SAN FELIPE","CY-I50","CY-I501Y20250804001","","Activo"
"BAJIO","Heineken","SAN LUIS POTOSI","CY-I50","CY-I501Y20250606030","F","Activo"
"BAJIO","Heineken","SAN LUIS POTOSI","BCS-160","GA21120300","F","Activo"
"BAJIO","Heineken","SAN LUIS POTOSI","KUAN CANVAS","K212-8812210038","F","Activo"
"NOROESTE","Heineken","SAN LUIS RIO COLORADO","KUAN CANVAS","K4-9821119","F","Activo"
"NORESTE","Heineken","TAMPICO","CY-I50","CY-I501Y20250606015","F","Activo"
"NORESTE","Heineken","TAMPICO","BCS-160","16017100047","F","Activo"
"NORESTE","Heineken","TAMPICO","KUAN CANVAS","K212-8808220184","F","Activo"
"GOLFO / SURESTE","Heineken","TANTOYUCA","BCS-160","GA22080223","F","Activo"
"GOLFO / SURESTE","Heineken","TANTOYUCA","KUAN CANVAS","K212-8812210091","F","Activo"
"GOLFO / SURESTE","Heineken","TEAPA","BEAM CANVAS","B1312-8810230814","F","Activo"
"GOLFO / SURESTE","Heineken","TEAPA","CY-I50","CY-I501Y20250804016","F","Activo"
"METRO","Heineken","TECAMAC","CY-I50","CY-I501Y20250606006","L","Activo"
"METRO","Heineken","TECAMAC","KUAN CANVAS","K212-8807220160","L","Activo"
"METRO","Heineken","TECAMACHALCO","BCS-160","GA21120294","F","Activo"
"METRO","Heineken","TECAMACHALCO","KUAN CANVAS","K212-8812210028","F","Activo"
"NOROESTE","Heineken","TECATE","BCS-160","GA21120307","F","Activo"
"NOROESTE","Heineken","TECATE","KUAN CANVAS","K212-8812210035","F","Activo"
"OCCIDENTE","Heineken","TECUALA","BEAM CANVAS","B1312-8808230740","F","Activo"
"OCCIDENTE","Heineken","TECUALA","CY-I50","CY-I501Y20250804009","F","Activo"
"METRO","Heineken","TEHUACAN","BCS-160","GA21120295","F","Activo"
"METRO","Heineken","TEHUACAN","KUAN CANVAS","K212-8812210022","F","Activo"
"GOLFO / SURESTE","Heineken","TEHUANTEPEC","BCS-160","GA21120285","F","Activo"
"GOLFO / SURESTE","Heineken","TEHUANTEPEC","KUAN CANVAS","K212-8812210016","F","Activo"
"GOLFO / SURESTE","Heineken","TEHUANTEPEC","CY-I50","CY-I501Y20250804014","F","Activo"
"OCCIDENTE","Heineken","TEPATITLAN","CY-I50","CY-I501Y20250804023","F","Activo"
"OCCIDENTE","Heineken","TEPATITLAN","BEAM CANVAS","B1312-8810230819","F","Activo"
"GOLFO / SURESTE","Heineken","TICUL","KUAN SELLADOR","K4-9051019","F","Activo"
"NOROESTE","Heineken","TIJUANA EL FLORIDO","CY-I50","CY-I501Y20250606024","L","Activo"
"NOROESTE","Heineken","TIJUANA EL FLORIDO","BCS-160","GA22071286","L","Activo"
"NOROESTE","Heineken","TIJUANA EL FLORIDO","KUAN CANVAS","K212-8808220175","L","Activo"
"NOROESTE","Heineken","TIJUANA EL FLORIDO","KUAN CANVAS","K212-8808220177","L","Activo"
"NOROESTE","Heineken","TIJUANA LA MESA","CY-I50","CY-I501Y20250606025","L","Activo"
"NOROESTE","Heineken","TIJUANA LA MESA","BCS-160","GA21120308","L","Activo"
"NOROESTE","Heineken","TIJUANA LA MESA","KUAN CANVAS","K212-8808220179","L","Activo"
"NORESTE","LALA","PARRAL","BEAM CANVAS","B1-000954","F","Activo"
"BAJIO","LALA","ZACATECAS","BEAM CANVAS","B1-000955","F","Activo"
"BAJIO","LALA","ZAMORA","KUAN CANVAS","K4-3810621","F","Activo"
"OCCIDENTE","LALA","PUERTO VALLARTA","KUAN CANVAS","K212-8806220125","L","Activo"
"NOROESTE","BEBIDAS REFRESCANTES NAVOJOA","Nogales","KUAN CANVAS","K4-3570621","L","Activo"
"BAJIO","LALA","DOLORES HIDALGO","KUAN CANVAS","K212-8812210053","F","Activo"
"NOROESTE","ARCA CONTINENTAL","MEXICALI","KUAN CANVAS","K212-8812210077","L","Activo"
"METRO","PEPSICO","NAUCALPAN","KUAN CANVAS","K212-8812210064","L","Activo"
"METRO","PEPSICO","NAUCALPAN","KUAN CANVAS","k212-8812210076","L","Activo"
"METRO","PEPSICO","NAUCALPAN","KUAN CANVAS","K212-8812210073","L","Activo"
"METRO","PEPSICO","NAUCALPAN","KUAN CANVAS","K212-8812210071","L","Activo"
"METRO","PEPSICO","SAN ANTONIO","KUAN CANVAS","K212-8812210059","L","Activo"
"METRO","PEPSICO","SAN ANTONIO","KUAN CANVAS","K212-8812210075","L","Activo"
"METRO","PEPSICO","SAN ANTONIO","KUAN CANVAS","K212-8812210074","L","Activo"
"METRO","PEPSICO","SAN ANTONIO","KUAN CANVAS","K212-8812210060","L","Activo"
"METRO","PEPSICO","SAN ANTONIO","KUAN CANVAS","K212-8812210057","L","Activo"
"METRO","DANONE","ECATEPEC","KUAN CANVAS","K212-8806220117","L","Activo"
"BAJIO","LALA","SAN LUIS POTOSÍ 2","KUAN CANVAS","K212-8806220122","F","Activo"
"METRO","SERVICIO SAN PEDRO","SAN PEDRO","KUAN CANVAS","K212-8806220120","L","Activo"
"GUERRERO","ENERCOSTA","CHILPANCINGO","KUAN CANVAS","K4-3750621","F","Baja"
"METRO","SINERGIA DE ENERGETICOS","CAFRALEXA","BEAM CANVAS","B1332-8808220086","L","Activo"
"METRO","SINERGIA DE ENERGETICOS","ALEFRA","BEAM CANVAS","B1332-8808220087","L","Activo"
"METRO","DE  LOS SANTOS","ZINACANTEPEC","BEAM CANVAS","B1332-8808220090","F","Activo"
"BAJIO","BONAFONT","AGUASCALIENTES","BEAM CANVAS","B1332-8808220092","L","Activo"
"NOROESTE","BONAFONT","TIJUANA","BEAM CANVAS","B1332-8808220091","L","Activo"
"BAJIO","BONAFONT","CELAYA","BEAM CANVAS","B1312-8807230647","L","Activo"
"OCCIDENTE","BONAFONT","GUADALAJARA","BEAM CANVAS","B1332-8808220093","L","Activo"
"GOLFO / SURESTE","BONAFONT","MERIDA","BEAM CANVAS","B1312-8807230653","L","Activo"
"BAJIO","BONAFONT","QUERETARO","BEAM CANVAS","B1-000157","L","Activo"
"METRO","BONAFONT","VALLE DE BRAVO","BEAM CANVAS","B1312-8807230649","F","Activo"
"GOLFO / SURESTE","PROPIMEX","MINATITLAN","KUAN CANVAS","K212-8807220146","F","Activo"
"GOLFO / SURESTE","PROPIMEX","MINATITLAN","KUAN CANVAS","K213-8809220191","F","Activo"
"GOLFO / SURESTE","PROPIMEX","ACAYUCAN","KUAN CANVAS","K212-8807220143","F","Activo"
"GOLFO / SURESTE","PROPIMEX","SAN ANDRES TUXTLA","KUAN CANVAS","K212-8807220144","F","Activo"
"GOLFO / SURESTE","PROPIMEX","PALENQUE","KUAN CANVAS","K212-8807220142","F","Activo"
"GOLFO / SURESTE","PROPIMEX","CARDENAS","KUAN CANVAS","K212-8807220141","F","Activo"
"GOLFO / SURESTE","PROPIMEX","CARDENAS","KUAN CANVAS","K212-8806220133","F","Activo"
"GOLFO / SURESTE","PROPIMEX","OCOSINGO","KUAN CANVAS","K212-8806220119","F","Activo"
"GOLFO / SURESTE","PROPIMEX","OCOSINGO","KUAN CANVAS","k212-8806220118","F","Activo"
"BAJIO","BONAFONT","IRAPUATO","BEAM CANVAS","B1312-8807230658","F","Activo"
"GOLFO / SURESTE","BONAFONT","CANCUN","BEAM CANVAS","B1312-8807230659","L","Activo"
"GOLFO / SURESTE","PROPIMEX","LAS CHOAPAS","KUAN CANVAS","K213-8809220185","F","Activo"
"METRO","GRUPO MAYORISTA SUPER TIENDAZZ","ECATEPEC","BEAM CANVAS","B1312-8807230648","L","Activo"
"NOROESTE","ARCA CONTINENTAL","MEXICALI","KUAN CANVAS","K212-8812210078","L","Activo"
"NORESTE","TIENDAS GRAND","CD. VICTORIA CENTRO","BEAM CANVAS","B1312-8807230655","F","Activo"
"OCCIDENTE","GRUPO MODELO","MANZANILLO","KUAN CANVAS","K4-4030621","F","Activo"
"METRO","LALA","CUERNAVACA","KUAN CANVAS","K4-3330521","F","Activo"
"NOROESTE","ARCA CONTINENTAL","MAZATLAN","KUAN CANVAS","K212-8806220113","L","Activo"
"NOROESTE","ARCA CONTINENTAL","NAVOJOA","KUAN CANVAS","K212-8806220116","F","Activo"
"NOROESTE","ARCA CONTINENTAL","GUAMUCHIL","KUAN CANVAS","K3-2970421","F","Activo"
"NOROESTE","ARCA CONTINENTAL","LA PAZ","KUAN CANVAS","K212-8806220114","F","Activo"
"NOROESTE","ARCA CONTINENTAL","SAN LUIS RIO COLORADO","KUAN CANVAS","K212-8806220123","F","Activo"
"GOLFO / SURESTE","ABARROTES LOO AUTO SERVICIO DEL AHORRO","TAPACHULA","BEAM CANVAS","B1332-8808220089","F","Activo"
"NOROESTE","ARCA CONTINENTAL","OBREGON","KUAN CANVAS","K212-8808220167","L","Activo"
"NOROESTE","ARCA CONTINENTAL","CULIACAN","KUAN CANVAS","K212-8807220164","L","Activo"
"NOROESTE","ARCA CONTINENTAL","CULIACAN","KUAN CANVAS","K212-8808220166","L","Activo"
"NOROESTE","ARCA CONTINENTAL","HERMOSILLO","KUAN CANVAS","K212-8808220170","L","Activo"
"NOROESTE","ARCA CONTINENTAL","HERMOSILLO","KUAN CANVAS","K212-8808220169","L","Activo"
"NOROESTE","ARCA CONTINENTAL","GUAYMAS","KUAN CANVAS","K212-8808220168","F","Activo"
"METRO","PALACIO MUNICIPAL","TLANEPANTLA","KUAN CANVAS","K212-8807220152","L","Activo"
"NOROESTE","TIENDAS GRAND","CENTRAL","BEAM CANVAS","B1312-8808230690","F","Activo"
"GOLFO / SURESTE","AUTOSERVICIO DEL AHORRO","TAPACHULA","BEAM CANVAS","B1312-8807230656","F","Activo"
"BAJIO","SUPER SERVICIOS SANTIAGUITO","MORELIA","KUAN CANVAS","K212-8807220147","F","Activo"
"NORESTE","TIENDAS GRAND","TOREO","BEAM CANVAS","B1312-8808230691","F","Activo"
"NORESTE","TIENDAS GRAND","ESTACION","BEAM CANVAS","B1312-8807230660","F","Activo"
"NOROESTE","ARCA CONTINENTAL","LOS CABOS","KUAN CANVAS","K4-4070621","F","Activo"
"NORESTE","TIENDAS GRAND","Campestre","BEAM CANVAS","B1312-8807230652","F","Activo"
"NOROESTE","TIENDAS GRAND","Carrera","BEAM CANVAS","B1312-8808230693","F","Activo"
"METRO","PALACIO MUNICIPAL","CHALCO","BEAM CANVAS","B1312-8808230692","F","Activo"
